BLEU,chrF,WER,Sentence_Accuracy,METEOR,Num_Samples
5.664111559057897,23.087483456656418,1.0329096027757232,0.009345794392523364,0.1321156272542009,642
